,x1,x2,y
0,0,0,0
1,0,1,1
2,1,0,1
3,1,1,0
4,0,0,0
5,0,1,1
6,1,0,1
7,1,1,0
8,0,0,0
9,0,1,1
10,1,0,1
11,1,1,0
12,0,0,0
13,0,1,1
14,1,0,1
15,1,1,0
16,0,0,0
17,0,1,1
18,1,0,1
19,1,1,0
20,0,0,0
21,0,1,1
22,1,0,1
23,1,1,0
24,0,0,0
25,0,1,1
26,1,0,1
27,1,1,0
28,0,0,0
29,0,1,1
30,1,0,1
31,1,1,0
32,0,0,0
33,0,1,1
34,1,0,1
35,1,1,0
36,0,0,0
37,0,1,1
38,1,0,1
39,1,1,0
40,0,0,0
41,0,1,1
42,1,0,1
43,1,1,0
44,0,0,0
45,0,1,1
46,1,0,1
47,1,1,0
48,0,0,0
49,0,1,1
50,1,0,1
51,1,1,0
52,0,0,0
53,0,1,1
54,1,0,1
55,1,1,0
56,0,0,0
57,0,1,1
58,1,0,1
59,1,1,0
60,0,0,0
61,0,1,1
62,1,0,1
63,1,1,0
64,0,0,0
65,0,1,1
66,1,0,1
67,1,1,0
68,0,0,0
69,0,1,1
70,1,0,1
71,1,1,0
72,0,0,0
73,0,1,1
74,1,0,1
75,1,1,0
76,0,0,0
77,0,1,1
78,1,0,1
79,1,1,0
80,0,0,0
81,0,1,1
82,1,0,1
83,1,1,0
84,0,0,0
85,0,1,1
86,1,0,1
87,1,1,0
88,0,0,0
89,0,1,1
90,1,0,1
91,1,1,0
92,0,0,0
93,0,1,1
94,1,0,1
95,1,1,0
96,0,0,0
97,0,1,1
98,1,0,1
99,1,1,0
100,0,0,0
101,0,1,1
102,1,0,1
103,1,1,0
104,0,0,0
105,0,1,1
106,1,0,1
107,1,1,0
108,0,0,0
109,0,1,1
110,1,0,1
111,1,1,0
112,0,0,0
113,0,1,1
114,1,0,1
115,1,1,0
116,0,0,0
117,0,1,1
118,1,0,1
119,1,1,0
120,0,0,0
121,0,1,1
122,1,0,1
123,1,1,0
124,0,0,0
125,0,1,1
126,1,0,1
127,1,1,0
128,0,0,0
129,0,1,1
130,1,0,1
131,1,1,0
132,0,0,0
133,0,1,1
134,1,0,1
135,1,1,0
136,0,0,0
137,0,1,1
138,1,0,1
139,1,1,0
140,0,0,0
141,0,1,1
142,1,0,1
143,1,1,0
144,0,0,0
145,0,1,1
146,1,0,1
147,1,1,0
148,0,0,0
149,0,1,1
150,1,0,1
151,1,1,0
152,0,0,0
153,0,1,1
154,1,0,1
155,1,1,0
156,0,0,0
157,0,1,1
158,1,0,1
159,1,1,0
160,0,0,0
161,0,1,1
162,1,0,1
163,1,1,0
164,0,0,0
165,0,1,1
166,1,0,1
167,1,1,0
168,0,0,0
169,0,1,1
170,1,0,1
171,1,1,0
172,0,0,0
173,0,1,1
174,1,0,1
175,1,1,0
176,0,0,0
177,0,1,1
178,1,0,1
179,1,1,0
180,0,0,0
181,0,1,1
182,1,0,1
183,1,1,0
184,0,0,0
185,0,1,1
186,1,0,1
187,1,1,0
188,0,0,0
189,0,1,1
190,1,0,1
191,1,1,0
192,0,0,0
193,0,1,1
194,1,0,1
195,1,1,0
196,0,0,0
197,0,1,1
198,1,0,1
199,1,1,0
200,0,0,0
201,0,1,1
202,1,0,1
203,1,1,0
204,0,0,0
205,0,1,1
206,1,0,1
207,1,1,0
208,0,0,0
209,0,1,1
210,1,0,1
211,1,1,0
212,0,0,0
213,0,1,1
214,1,0,1
215,1,1,0
216,0,0,0
217,0,1,1
218,1,0,1
219,1,1,0
220,0,0,0
221,0,1,1
222,1,0,1
223,1,1,0
224,0,0,0
225,0,1,1
226,1,0,1
227,1,1,0
228,0,0,0
229,0,1,1
230,1,0,1
231,1,1,0
232,0,0,0
233,0,1,1
234,1,0,1
235,1,1,0
236,0,0,0
237,0,1,1
238,1,0,1
239,1,1,0
240,0,0,0
241,0,1,1
242,1,0,1
243,1,1,0
244,0,0,0
245,0,1,1
246,1,0,1
247,1,1,0
248,0,0,0
249,0,1,1
250,1,0,1
251,1,1,0
252,0,0,0
253,0,1,1
254,1,0,1
255,1,1,0
256,0,0,0
257,0,1,1
258,1,0,1
259,1,1,0
260,0,0,0
261,0,1,1
262,1,0,1
263,1,1,0
264,0,0,0
265,0,1,1
266,1,0,1
267,1,1,0
268,0,0,0
269,0,1,1
270,1,0,1
271,1,1,0
272,0,0,0
273,0,1,1
274,1,0,1
275,1,1,0
276,0,0,0
277,0,1,1
278,1,0,1
279,1,1,0
280,0,0,0
281,0,1,1
282,1,0,1
283,1,1,0
284,0,0,0
285,0,1,1
286,1,0,1
287,1,1,0
288,0,0,0
289,0,1,1
290,1,0,1
291,1,1,0
292,0,0,0
293,0,1,1
294,1,0,1
295,1,1,0
296,0,0,0
297,0,1,1
298,1,0,1
299,1,1,0
300,0,0,0
301,0,1,1
302,1,0,1
303,1,1,0
304,0,0,0
305,0,1,1
306,1,0,1
307,1,1,0
308,0,0,0
309,0,1,1
310,1,0,1
311,1,1,0
312,0,0,0
313,0,1,1
314,1,0,1
315,1,1,0
316,0,0,0
317,0,1,1
318,1,0,1
319,1,1,0
320,0,0,0
321,0,1,1
322,1,0,1
323,1,1,0
324,0,0,0
325,0,1,1
326,1,0,1
327,1,1,0
328,0,0,0
329,0,1,1
330,1,0,1
331,1,1,0
332,0,0,0
333,0,1,1
334,1,0,1
335,1,1,0
336,0,0,0
337,0,1,1
338,1,0,1
339,1,1,0
340,0,0,0
341,0,1,1
342,1,0,1
343,1,1,0
344,0,0,0
345,0,1,1
346,1,0,1
347,1,1,0
348,0,0,0
349,0,1,1
350,1,0,1
351,1,1,0
352,0,0,0
353,0,1,1
354,1,0,1
355,1,1,0
356,0,0,0
357,0,1,1
358,1,0,1
359,1,1,0
360,0,0,0
361,0,1,1
362,1,0,1
363,1,1,0
364,0,0,0
365,0,1,1
366,1,0,1
367,1,1,0
368,0,0,0
369,0,1,1
370,1,0,1
371,1,1,0
372,0,0,0
373,0,1,1
374,1,0,1
375,1,1,0
376,0,0,0
377,0,1,1
378,1,0,1
379,1,1,0
380,0,0,0
381,0,1,1
382,1,0,1
383,1,1,0
384,0,0,0
385,0,1,1
386,1,0,1
387,1,1,0
388,0,0,0
389,0,1,1
390,1,0,1
391,1,1,0
392,0,0,0
393,0,1,1
394,1,0,1
395,1,1,0
396,0,0,0
397,0,1,1
398,1,0,1
399,1,1,0
400,0,0,0
401,0,1,1
402,1,0,1
403,1,1,0
404,0,0,0
405,0,1,1
406,1,0,1
407,1,1,0
408,0,0,0
409,0,1,1
410,1,0,1
411,1,1,0
412,0,0,0
413,0,1,1
414,1,0,1
415,1,1,0
416,0,0,0
417,0,1,1
418,1,0,1
419,1,1,0
420,0,0,0
421,0,1,1
422,1,0,1
423,1,1,0
424,0,0,0
425,0,1,1
426,1,0,1
427,1,1,0
428,0,0,0
429,0,1,1
430,1,0,1
431,1,1,0
432,0,0,0
433,0,1,1
434,1,0,1
435,1,1,0
436,0,0,0
437,0,1,1
438,1,0,1
439,1,1,0
440,0,0,0
441,0,1,1
442,1,0,1
443,1,1,0
444,0,0,0
445,0,1,1
446,1,0,1
447,1,1,0
448,0,0,0
449,0,1,1
450,1,0,1
451,1,1,0
452,0,0,0
453,0,1,1
454,1,0,1
455,1,1,0
456,0,0,0
457,0,1,1
458,1,0,1
459,1,1,0
460,0,0,0
461,0,1,1
462,1,0,1
463,1,1,0
464,0,0,0
465,0,1,1
466,1,0,1
467,1,1,0
468,0,0,0
469,0,1,1
470,1,0,1
471,1,1,0
472,0,0,0
473,0,1,1
474,1,0,1
475,1,1,0
476,0,0,0
477,0,1,1
478,1,0,1
479,1,1,0
480,0,0,0
481,0,1,1
482,1,0,1
483,1,1,0
484,0,0,0
485,0,1,1
486,1,0,1
487,1,1,0
488,0,0,0
489,0,1,1
490,1,0,1
491,1,1,0
492,0,0,0
493,0,1,1
494,1,0,1
495,1,1,0
496,0,0,0
497,0,1,1
498,1,0,1
499,1,1,0
500,0,0,0
501,0,1,1
502,1,0,1
503,1,1,0
504,0,0,0
505,0,1,1
506,1,0,1
507,1,1,0
508,0,0,0
509,0,1,1
510,1,0,1
511,1,1,0
512,0,0,0
513,0,1,1
514,1,0,1
515,1,1,0
516,0,0,0
517,0,1,1
518,1,0,1
519,1,1,0
520,0,0,0
521,0,1,1
522,1,0,1
523,1,1,0
524,0,0,0
525,0,1,1
526,1,0,1
527,1,1,0
528,0,0,0
529,0,1,1
530,1,0,1
531,1,1,0
532,0,0,0
533,0,1,1
534,1,0,1
535,1,1,0
536,0,0,0
537,0,1,1
538,1,0,1
539,1,1,0
540,0,0,0
541,0,1,1
542,1,0,1
543,1,1,0
544,0,0,0
545,0,1,1
546,1,0,1
547,1,1,0
548,0,0,0
549,0,1,1
550,1,0,1
551,1,1,0
552,0,0,0
553,0,1,1
554,1,0,1
555,1,1,0
556,0,0,0
557,0,1,1
558,1,0,1
559,1,1,0
560,0,0,0
561,0,1,1
562,1,0,1
563,1,1,0
564,0,0,0
565,0,1,1
566,1,0,1
567,1,1,0
568,0,0,0
569,0,1,1
570,1,0,1
571,1,1,0
572,0,0,0
573,0,1,1
574,1,0,1
575,1,1,0
576,0,0,0
577,0,1,1
578,1,0,1
579,1,1,0
580,0,0,0
581,0,1,1
582,1,0,1
583,1,1,0
584,0,0,0
585,0,1,1
586,1,0,1
587,1,1,0
588,0,0,0
589,0,1,1
590,1,0,1
591,1,1,0
592,0,0,0
593,0,1,1
594,1,0,1
595,1,1,0
596,0,0,0
597,0,1,1
598,1,0,1
599,1,1,0
600,0,0,0
601,0,1,1
602,1,0,1
603,1,1,0
604,0,0,0
605,0,1,1
606,1,0,1
607,1,1,0
608,0,0,0
609,0,1,1
610,1,0,1
611,1,1,0
612,0,0,0
613,0,1,1
614,1,0,1
615,1,1,0
616,0,0,0
617,0,1,1
618,1,0,1
619,1,1,0
620,0,0,0
621,0,1,1
622,1,0,1
623,1,1,0
624,0,0,0
625,0,1,1
626,1,0,1
627,1,1,0
628,0,0,0
629,0,1,1
630,1,0,1
631,1,1,0
632,0,0,0
633,0,1,1
634,1,0,1
635,1,1,0
636,0,0,0
637,0,1,1
638,1,0,1
639,1,1,0
640,0,0,0
641,0,1,1
642,1,0,1
643,1,1,0
644,0,0,0
645,0,1,1
646,1,0,1
647,1,1,0
648,0,0,0
649,0,1,1
650,1,0,1
651,1,1,0
652,0,0,0
653,0,1,1
654,1,0,1
655,1,1,0
656,0,0,0
657,0,1,1
658,1,0,1
659,1,1,0
660,0,0,0
661,0,1,1
662,1,0,1
663,1,1,0
664,0,0,0
665,0,1,1
666,1,0,1
667,1,1,0
668,0,0,0
669,0,1,1
670,1,0,1
671,1,1,0
672,0,0,0
673,0,1,1
674,1,0,1
675,1,1,0
676,0,0,0
677,0,1,1
678,1,0,1
679,1,1,0
680,0,0,0
681,0,1,1
682,1,0,1
683,1,1,0
684,0,0,0
685,0,1,1
686,1,0,1
687,1,1,0
688,0,0,0
689,0,1,1
690,1,0,1
691,1,1,0
692,0,0,0
693,0,1,1
694,1,0,1
695,1,1,0
696,0,0,0
697,0,1,1
698,1,0,1
699,1,1,0
700,0,0,0
701,0,1,1
702,1,0,1
703,1,1,0
704,0,0,0
705,0,1,1
706,1,0,1
707,1,1,0
708,0,0,0
709,0,1,1
710,1,0,1
711,1,1,0
712,0,0,0
713,0,1,1
714,1,0,1
715,1,1,0
716,0,0,0
717,0,1,1
718,1,0,1
719,1,1,0
720,0,0,0
721,0,1,1
722,1,0,1
723,1,1,0
724,0,0,0
725,0,1,1
726,1,0,1
727,1,1,0
728,0,0,0
729,0,1,1
730,1,0,1
731,1,1,0
732,0,0,0
733,0,1,1
734,1,0,1
735,1,1,0
736,0,0,0
737,0,1,1
738,1,0,1
739,1,1,0
740,0,0,0
741,0,1,1
742,1,0,1
743,1,1,0
744,0,0,0
745,0,1,1
746,1,0,1
747,1,1,0
748,0,0,0
749,0,1,1
750,1,0,1
751,1,1,0
752,0,0,0
753,0,1,1
754,1,0,1
755,1,1,0
756,0,0,0
757,0,1,1
758,1,0,1
759,1,1,0
760,0,0,0
761,0,1,1
762,1,0,1
763,1,1,0
764,0,0,0
765,0,1,1
766,1,0,1
767,1,1,0
768,0,0,0
769,0,1,1
770,1,0,1
771,1,1,0
772,0,0,0
773,0,1,1
774,1,0,1
775,1,1,0
776,0,0,0
777,0,1,1
778,1,0,1
779,1,1,0
780,0,0,0
781,0,1,1
782,1,0,1
783,1,1,0
784,0,0,0
785,0,1,1
786,1,0,1
787,1,1,0
788,0,0,0
789,0,1,1
790,1,0,1
791,1,1,0
792,0,0,0
793,0,1,1
794,1,0,1
795,1,1,0
796,0,0,0
797,0,1,1
798,1,0,1
799,1,1,0
800,0,0,0
801,0,1,1
802,1,0,1
803,1,1,0
804,0,0,0
805,0,1,1
806,1,0,1
807,1,1,0
808,0,0,0
809,0,1,1
810,1,0,1
811,1,1,0
812,0,0,0
813,0,1,1
814,1,0,1
815,1,1,0
816,0,0,0
817,0,1,1
818,1,0,1
819,1,1,0
820,0,0,0
821,0,1,1
822,1,0,1
823,1,1,0
824,0,0,0
825,0,1,1
826,1,0,1
827,1,1,0
828,0,0,0
829,0,1,1
830,1,0,1
831,1,1,0
832,0,0,0
833,0,1,1
834,1,0,1
835,1,1,0
836,0,0,0
837,0,1,1
838,1,0,1
839,1,1,0
840,0,0,0
841,0,1,1
842,1,0,1
843,1,1,0
844,0,0,0
845,0,1,1
846,1,0,1
847,1,1,0
848,0,0,0
849,0,1,1
850,1,0,1
851,1,1,0
852,0,0,0
853,0,1,1
854,1,0,1
855,1,1,0
856,0,0,0
857,0,1,1
858,1,0,1
859,1,1,0
860,0,0,0
861,0,1,1
862,1,0,1
863,1,1,0
864,0,0,0
865,0,1,1
866,1,0,1
867,1,1,0
868,0,0,0
869,0,1,1
870,1,0,1
871,1,1,0
872,0,0,0
873,0,1,1
874,1,0,1
875,1,1,0
876,0,0,0
877,0,1,1
878,1,0,1
879,1,1,0
880,0,0,0
881,0,1,1
882,1,0,1
883,1,1,0
884,0,0,0
885,0,1,1
886,1,0,1
887,1,1,0
888,0,0,0
889,0,1,1
890,1,0,1
891,1,1,0
892,0,0,0
893,0,1,1
894,1,0,1
895,1,1,0
896,0,0,0
897,0,1,1
898,1,0,1
899,1,1,0
900,0,0,0
901,0,1,1
902,1,0,1
903,1,1,0
904,0,0,0
905,0,1,1
906,1,0,1
907,1,1,0
908,0,0,0
909,0,1,1
910,1,0,1
911,1,1,0
912,0,0,0
913,0,1,1
914,1,0,1
915,1,1,0
916,0,0,0
917,0,1,1
918,1,0,1
919,1,1,0
920,0,0,0
921,0,1,1
922,1,0,1
923,1,1,0
924,0,0,0
925,0,1,1
926,1,0,1
927,1,1,0
928,0,0,0
929,0,1,1
930,1,0,1
931,1,1,0
932,0,0,0
933,0,1,1
934,1,0,1
935,1,1,0
936,0,0,0
937,0,1,1
938,1,0,1
939,1,1,0
940,0,0,0
941,0,1,1
942,1,0,1
943,1,1,0
944,0,0,0
945,0,1,1
946,1,0,1
947,1,1,0
948,0,0,0
949,0,1,1
950,1,0,1
951,1,1,0
952,0,0,0
953,0,1,1
954,1,0,1
955,1,1,0
956,0,0,0
957,0,1,1
958,1,0,1
959,1,1,0
960,0,0,0
961,0,1,1
962,1,0,1
963,1,1,0
964,0,0,0
965,0,1,1
966,1,0,1
967,1,1,0
968,0,0,0
969,0,1,1
970,1,0,1
971,1,1,0
972,0,0,0
973,0,1,1
974,1,0,1
975,1,1,0
976,0,0,0
977,0,1,1
978,1,0,1
979,1,1,0
980,0,0,0
981,0,1,1
982,1,0,1
983,1,1,0
984,0,0,0
985,0,1,1
986,1,0,1
987,1,1,0
988,0,0,0
989,0,1,1
990,1,0,1
991,1,1,0
992,0,0,0
993,0,1,1
994,1,0,1
995,1,1,0
996,0,0,0
997,0,1,1
998,1,0,1
999,1,1,0
1000,0,0,0
1001,0,1,1
1002,1,0,1
1003,1,1,0
1004,0,0,0
1005,0,1,1
1006,1,0,1
1007,1,1,0
1008,0,0,0
1009,0,1,1
1010,1,0,1
1011,1,1,0
1012,0,0,0
1013,0,1,1
1014,1,0,1
1015,1,1,0
1016,0,0,0
1017,0,1,1
1018,1,0,1
1019,1,1,0
1020,0,0,0
1021,0,1,1
1022,1,0,1
1023,1,1,0
1024,0,0,0
1025,0,1,1
1026,1,0,1
1027,1,1,0
1028,0,0,0
1029,0,1,1
1030,1,0,1
1031,1,1,0
1032,0,0,0
1033,0,1,1
1034,1,0,1
1035,1,1,0
1036,0,0,0
1037,0,1,1
1038,1,0,1
1039,1,1,0
1040,0,0,0
1041,0,1,1
1042,1,0,1
1043,1,1,0
1044,0,0,0
1045,0,1,1
1046,1,0,1
1047,1,1,0
1048,0,0,0
1049,0,1,1
1050,1,0,1
1051,1,1,0
1052,0,0,0
1053,0,1,1
1054,1,0,1
1055,1,1,0
1056,0,0,0
1057,0,1,1
1058,1,0,1
1059,1,1,0
1060,0,0,0
1061,0,1,1
1062,1,0,1
1063,1,1,0
1064,0,0,0
1065,0,1,1
1066,1,0,1
1067,1,1,0
1068,0,0,0
1069,0,1,1
1070,1,0,1
1071,1,1,0
1072,0,0,0
1073,0,1,1
1074,1,0,1
1075,1,1,0
1076,0,0,0
1077,0,1,1
1078,1,0,1
1079,1,1,0
1080,0,0,0
1081,0,1,1
1082,1,0,1
1083,1,1,0
1084,0,0,0
1085,0,1,1
1086,1,0,1
1087,1,1,0
1088,0,0,0
1089,0,1,1
1090,1,0,1
1091,1,1,0
1092,0,0,0
1093,0,1,1
1094,1,0,1
1095,1,1,0
1096,0,0,0
1097,0,1,1
1098,1,0,1
1099,1,1,0
1100,0,0,0
1101,0,1,1
1102,1,0,1
1103,1,1,0
1104,0,0,0
1105,0,1,1
1106,1,0,1
1107,1,1,0
1108,0,0,0
1109,0,1,1
1110,1,0,1
1111,1,1,0
1112,0,0,0
1113,0,1,1
1114,1,0,1
1115,1,1,0
1116,0,0,0
1117,0,1,1
1118,1,0,1
1119,1,1,0
1120,0,0,0
1121,0,1,1
1122,1,0,1
1123,1,1,0
1124,0,0,0
1125,0,1,1
1126,1,0,1
1127,1,1,0
1128,0,0,0
1129,0,1,1
1130,1,0,1
1131,1,1,0
1132,0,0,0
1133,0,1,1
1134,1,0,1
1135,1,1,0
1136,0,0,0
1137,0,1,1
1138,1,0,1
1139,1,1,0
1140,0,0,0
1141,0,1,1
1142,1,0,1
1143,1,1,0
1144,0,0,0
1145,0,1,1
1146,1,0,1
1147,1,1,0
1148,0,0,0
1149,0,1,1
1150,1,0,1
1151,1,1,0
1152,0,0,0
1153,0,1,1
1154,1,0,1
1155,1,1,0
1156,0,0,0
1157,0,1,1
1158,1,0,1
1159,1,1,0
1160,0,0,0
1161,0,1,1
1162,1,0,1
1163,1,1,0
1164,0,0,0
1165,0,1,1
1166,1,0,1
1167,1,1,0
1168,0,0,0
1169,0,1,1
1170,1,0,1
1171,1,1,0
1172,0,0,0
1173,0,1,1
1174,1,0,1
1175,1,1,0
1176,0,0,0
1177,0,1,1
1178,1,0,1
1179,1,1,0
1180,0,0,0
1181,0,1,1
1182,1,0,1
1183,1,1,0
1184,0,0,0
1185,0,1,1
1186,1,0,1
1187,1,1,0
1188,0,0,0
1189,0,1,1
1190,1,0,1
1191,1,1,0
1192,0,0,0
1193,0,1,1
1194,1,0,1
1195,1,1,0
1196,0,0,0
1197,0,1,1
1198,1,0,1
1199,1,1,0
1200,0,0,0
1201,0,1,1
1202,1,0,1
1203,1,1,0
1204,0,0,0
1205,0,1,1
1206,1,0,1
1207,1,1,0
1208,0,0,0
1209,0,1,1
1210,1,0,1
1211,1,1,0
1212,0,0,0
1213,0,1,1
1214,1,0,1
1215,1,1,0
1216,0,0,0
1217,0,1,1
1218,1,0,1
1219,1,1,0
1220,0,0,0
1221,0,1,1
1222,1,0,1
1223,1,1,0
1224,0,0,0
1225,0,1,1
1226,1,0,1
1227,1,1,0
1228,0,0,0
1229,0,1,1
1230,1,0,1
1231,1,1,0
1232,0,0,0
1233,0,1,1
1234,1,0,1
1235,1,1,0
1236,0,0,0
1237,0,1,1
1238,1,0,1
1239,1,1,0
1240,0,0,0
1241,0,1,1
1242,1,0,1
1243,1,1,0
1244,0,0,0
1245,0,1,1
1246,1,0,1
1247,1,1,0
1248,0,0,0
1249,0,1,1
1250,1,0,1
1251,1,1,0
1252,0,0,0
1253,0,1,1
1254,1,0,1
1255,1,1,0
1256,0,0,0
1257,0,1,1
1258,1,0,1
1259,1,1,0
1260,0,0,0
1261,0,1,1
1262,1,0,1
1263,1,1,0
1264,0,0,0
1265,0,1,1
1266,1,0,1
1267,1,1,0
1268,0,0,0
1269,0,1,1
1270,1,0,1
1271,1,1,0
1272,0,0,0
1273,0,1,1
1274,1,0,1
1275,1,1,0
1276,0,0,0
1277,0,1,1
1278,1,0,1
1279,1,1,0
1280,0,0,0
1281,0,1,1
1282,1,0,1
1283,1,1,0
1284,0,0,0
1285,0,1,1
1286,1,0,1
1287,1,1,0
1288,0,0,0
1289,0,1,1
1290,1,0,1
1291,1,1,0
1292,0,0,0
1293,0,1,1
1294,1,0,1
1295,1,1,0
1296,0,0,0
1297,0,1,1
1298,1,0,1
1299,1,1,0
1300,0,0,0
1301,0,1,1
1302,1,0,1
1303,1,1,0
1304,0,0,0
1305,0,1,1
1306,1,0,1
1307,1,1,0
1308,0,0,0
1309,0,1,1
1310,1,0,1
1311,1,1,0
1312,0,0,0
1313,0,1,1
1314,1,0,1
1315,1,1,0
1316,0,0,0
1317,0,1,1
1318,1,0,1
1319,1,1,0
1320,0,0,0
1321,0,1,1
1322,1,0,1
1323,1,1,0
1324,0,0,0
1325,0,1,1
1326,1,0,1
1327,1,1,0
1328,0,0,0
1329,0,1,1
1330,1,0,1
1331,1,1,0
1332,0,0,0
1333,0,1,1
1334,1,0,1
1335,1,1,0
1336,0,0,0
1337,0,1,1
1338,1,0,1
1339,1,1,0
1340,0,0,0
1341,0,1,1
1342,1,0,1
1343,1,1,0
1344,0,0,0
1345,0,1,1
1346,1,0,1
1347,1,1,0
1348,0,0,0
1349,0,1,1
1350,1,0,1
1351,1,1,0
1352,0,0,0
1353,0,1,1
1354,1,0,1
1355,1,1,0
1356,0,0,0
1357,0,1,1
1358,1,0,1
1359,1,1,0
1360,0,0,0
1361,0,1,1
1362,1,0,1
1363,1,1,0
1364,0,0,0
1365,0,1,1
1366,1,0,1
1367,1,1,0
1368,0,0,0
1369,0,1,1
1370,1,0,1
1371,1,1,0
1372,0,0,0
1373,0,1,1
1374,1,0,1
1375,1,1,0
1376,0,0,0
1377,0,1,1
1378,1,0,1
1379,1,1,0
1380,0,0,0
1381,0,1,1
1382,1,0,1
1383,1,1,0
1384,0,0,0
1385,0,1,1
1386,1,0,1
1387,1,1,0
1388,0,0,0
1389,0,1,1
1390,1,0,1
1391,1,1,0
1392,0,0,0
1393,0,1,1
1394,1,0,1
1395,1,1,0
1396,0,0,0
1397,0,1,1
1398,1,0,1
1399,1,1,0
1400,0,0,0
1401,0,1,1
1402,1,0,1
1403,1,1,0
1404,0,0,0
1405,0,1,1
1406,1,0,1
1407,1,1,0
1408,0,0,0
1409,0,1,1
1410,1,0,1
1411,1,1,0
1412,0,0,0
1413,0,1,1
1414,1,0,1
1415,1,1,0
1416,0,0,0
1417,0,1,1
1418,1,0,1
1419,1,1,0
1420,0,0,0
1421,0,1,1
1422,1,0,1
1423,1,1,0
1424,0,0,0
1425,0,1,1
1426,1,0,1
1427,1,1,0
1428,0,0,0
1429,0,1,1
1430,1,0,1
1431,1,1,0
1432,0,0,0
1433,0,1,1
1434,1,0,1
1435,1,1,0
1436,0,0,0
1437,0,1,1
1438,1,0,1
1439,1,1,0
1440,0,0,0
1441,0,1,1
1442,1,0,1
1443,1,1,0
1444,0,0,0
1445,0,1,1
1446,1,0,1
1447,1,1,0
1448,0,0,0
1449,0,1,1
1450,1,0,1
1451,1,1,0
1452,0,0,0
1453,0,1,1
1454,1,0,1
1455,1,1,0
1456,0,0,0
1457,0,1,1
1458,1,0,1
1459,1,1,0
1460,0,0,0
1461,0,1,1
1462,1,0,1
1463,1,1,0
1464,0,0,0
1465,0,1,1
1466,1,0,1
1467,1,1,0
1468,0,0,0
1469,0,1,1
1470,1,0,1
1471,1,1,0
1472,0,0,0
1473,0,1,1
1474,1,0,1
1475,1,1,0
1476,0,0,0
1477,0,1,1
1478,1,0,1
1479,1,1,0
1480,0,0,0
1481,0,1,1
1482,1,0,1
1483,1,1,0
1484,0,0,0
1485,0,1,1
1486,1,0,1
1487,1,1,0
1488,0,0,0
1489,0,1,1
1490,1,0,1
1491,1,1,0
1492,0,0,0
1493,0,1,1
1494,1,0,1
1495,1,1,0
1496,0,0,0
1497,0,1,1
1498,1,0,1
1499,1,1,0
1500,0,0,0
1501,0,1,1
1502,1,0,1
1503,1,1,0
1504,0,0,0
1505,0,1,1
1506,1,0,1
1507,1,1,0
1508,0,0,0
1509,0,1,1
1510,1,0,1
1511,1,1,0
1512,0,0,0
1513,0,1,1
1514,1,0,1
1515,1,1,0
1516,0,0,0
1517,0,1,1
1518,1,0,1
1519,1,1,0
1520,0,0,0
1521,0,1,1
1522,1,0,1
1523,1,1,0
1524,0,0,0
1525,0,1,1
1526,1,0,1
1527,1,1,0
1528,0,0,0
1529,0,1,1
1530,1,0,1
1531,1,1,0
1532,0,0,0
1533,0,1,1
1534,1,0,1
1535,1,1,0
1536,0,0,0
1537,0,1,1
1538,1,0,1
1539,1,1,0
1540,0,0,0
1541,0,1,1
1542,1,0,1
1543,1,1,0
1544,0,0,0
1545,0,1,1
1546,1,0,1
1547,1,1,0
1548,0,0,0
1549,0,1,1
1550,1,0,1
1551,1,1,0
1552,0,0,0
1553,0,1,1
1554,1,0,1
1555,1,1,0
1556,0,0,0
1557,0,1,1
1558,1,0,1
1559,1,1,0
1560,0,0,0
1561,0,1,1
1562,1,0,1
1563,1,1,0
1564,0,0,0
1565,0,1,1
1566,1,0,1
1567,1,1,0
1568,0,0,0
1569,0,1,1
1570,1,0,1
1571,1,1,0
1572,0,0,0
1573,0,1,1
1574,1,0,1
1575,1,1,0
1576,0,0,0
1577,0,1,1
1578,1,0,1
1579,1,1,0
1580,0,0,0
1581,0,1,1
1582,1,0,1
1583,1,1,0
1584,0,0,0
1585,0,1,1
1586,1,0,1
1587,1,1,0
1588,0,0,0
1589,0,1,1
1590,1,0,1
1591,1,1,0
1592,0,0,0
1593,0,1,1
1594,1,0,1
1595,1,1,0
1596,0,0,0
1597,0,1,1
1598,1,0,1
1599,1,1,0
1600,0,0,0
1601,0,1,1
1602,1,0,1
1603,1,1,0
1604,0,0,0
1605,0,1,1
1606,1,0,1
1607,1,1,0
1608,0,0,0
1609,0,1,1
1610,1,0,1
1611,1,1,0
1612,0,0,0
1613,0,1,1
1614,1,0,1
1615,1,1,0
1616,0,0,0
1617,0,1,1
1618,1,0,1
1619,1,1,0
1620,0,0,0
1621,0,1,1
1622,1,0,1
1623,1,1,0
1624,0,0,0
1625,0,1,1
1626,1,0,1
1627,1,1,0
1628,0,0,0
1629,0,1,1
1630,1,0,1
1631,1,1,0
1632,0,0,0
1633,0,1,1
1634,1,0,1
1635,1,1,0
1636,0,0,0
1637,0,1,1
1638,1,0,1
1639,1,1,0
1640,0,0,0
1641,0,1,1
1642,1,0,1
1643,1,1,0
1644,0,0,0
1645,0,1,1
1646,1,0,1
1647,1,1,0
1648,0,0,0
1649,0,1,1
1650,1,0,1
1651,1,1,0
1652,0,0,0
1653,0,1,1
1654,1,0,1
1655,1,1,0
1656,0,0,0
1657,0,1,1
1658,1,0,1
1659,1,1,0
1660,0,0,0
1661,0,1,1
1662,1,0,1
1663,1,1,0
1664,0,0,0
1665,0,1,1
1666,1,0,1
1667,1,1,0
1668,0,0,0
1669,0,1,1
1670,1,0,1
1671,1,1,0
1672,0,0,0
1673,0,1,1
1674,1,0,1
1675,1,1,0
1676,0,0,0
1677,0,1,1
1678,1,0,1
1679,1,1,0
1680,0,0,0
1681,0,1,1
1682,1,0,1
1683,1,1,0
1684,0,0,0
1685,0,1,1
1686,1,0,1
1687,1,1,0
1688,0,0,0
1689,0,1,1
1690,1,0,1
1691,1,1,0
1692,0,0,0
1693,0,1,1
1694,1,0,1
1695,1,1,0
1696,0,0,0
1697,0,1,1
1698,1,0,1
1699,1,1,0
1700,0,0,0
1701,0,1,1
1702,1,0,1
1703,1,1,0
1704,0,0,0
1705,0,1,1
1706,1,0,1
1707,1,1,0
1708,0,0,0
1709,0,1,1
1710,1,0,1
1711,1,1,0
1712,0,0,0
1713,0,1,1
1714,1,0,1
1715,1,1,0
1716,0,0,0
1717,0,1,1
1718,1,0,1
1719,1,1,0
1720,0,0,0
1721,0,1,1
1722,1,0,1
1723,1,1,0
1724,0,0,0
1725,0,1,1
1726,1,0,1
1727,1,1,0
1728,0,0,0
1729,0,1,1
1730,1,0,1
1731,1,1,0
1732,0,0,0
1733,0,1,1
1734,1,0,1
1735,1,1,0
1736,0,0,0
1737,0,1,1
1738,1,0,1
1739,1,1,0
1740,0,0,0
1741,0,1,1
1742,1,0,1
1743,1,1,0
1744,0,0,0
1745,0,1,1
1746,1,0,1
1747,1,1,0
1748,0,0,0
1749,0,1,1
1750,1,0,1
1751,1,1,0
1752,0,0,0
1753,0,1,1
1754,1,0,1
1755,1,1,0
1756,0,0,0
1757,0,1,1
1758,1,0,1
1759,1,1,0
1760,0,0,0
1761,0,1,1
1762,1,0,1
1763,1,1,0
1764,0,0,0
1765,0,1,1
1766,1,0,1
1767,1,1,0
1768,0,0,0
1769,0,1,1
1770,1,0,1
1771,1,1,0
1772,0,0,0
1773,0,1,1
1774,1,0,1
1775,1,1,0
1776,0,0,0
1777,0,1,1
1778,1,0,1
1779,1,1,0
1780,0,0,0
1781,0,1,1
1782,1,0,1
1783,1,1,0
1784,0,0,0
1785,0,1,1
1786,1,0,1
1787,1,1,0
1788,0,0,0
1789,0,1,1
1790,1,0,1
1791,1,1,0
1792,0,0,0
1793,0,1,1
1794,1,0,1
1795,1,1,0
1796,0,0,0
1797,0,1,1
1798,1,0,1
1799,1,1,0
1800,0,0,0
1801,0,1,1
1802,1,0,1
1803,1,1,0
1804,0,0,0
1805,0,1,1
1806,1,0,1
1807,1,1,0
1808,0,0,0
1809,0,1,1
1810,1,0,1
1811,1,1,0
1812,0,0,0
1813,0,1,1
1814,1,0,1
1815,1,1,0
1816,0,0,0
1817,0,1,1
1818,1,0,1
1819,1,1,0
1820,0,0,0
1821,0,1,1
1822,1,0,1
1823,1,1,0
1824,0,0,0
1825,0,1,1
1826,1,0,1
1827,1,1,0
1828,0,0,0
1829,0,1,1
1830,1,0,1
1831,1,1,0
1832,0,0,0
1833,0,1,1
1834,1,0,1
1835,1,1,0
1836,0,0,0
1837,0,1,1
1838,1,0,1
1839,1,1,0
1840,0,0,0
1841,0,1,1
1842,1,0,1
1843,1,1,0
1844,0,0,0
1845,0,1,1
1846,1,0,1
1847,1,1,0
1848,0,0,0
1849,0,1,1
1850,1,0,1
1851,1,1,0
1852,0,0,0
1853,0,1,1
1854,1,0,1
1855,1,1,0
1856,0,0,0
1857,0,1,1
1858,1,0,1
1859,1,1,0
1860,0,0,0
1861,0,1,1
1862,1,0,1
1863,1,1,0
1864,0,0,0
1865,0,1,1
1866,1,0,1
1867,1,1,0
1868,0,0,0
1869,0,1,1
1870,1,0,1
1871,1,1,0
1872,0,0,0
1873,0,1,1
1874,1,0,1
1875,1,1,0
1876,0,0,0
1877,0,1,1
1878,1,0,1
1879,1,1,0
1880,0,0,0
1881,0,1,1
1882,1,0,1
1883,1,1,0
1884,0,0,0
1885,0,1,1
1886,1,0,1
1887,1,1,0
1888,0,0,0
1889,0,1,1
1890,1,0,1
1891,1,1,0
1892,0,0,0
1893,0,1,1
1894,1,0,1
1895,1,1,0
1896,0,0,0
1897,0,1,1
1898,1,0,1
1899,1,1,0
1900,0,0,0
1901,0,1,1
1902,1,0,1
1903,1,1,0
1904,0,0,0
1905,0,1,1
1906,1,0,1
1907,1,1,0
1908,0,0,0
1909,0,1,1
1910,1,0,1
1911,1,1,0
1912,0,0,0
1913,0,1,1
1914,1,0,1
1915,1,1,0
1916,0,0,0
1917,0,1,1
1918,1,0,1
1919,1,1,0
1920,0,0,0
1921,0,1,1
1922,1,0,1
1923,1,1,0
1924,0,0,0
1925,0,1,1
1926,1,0,1
1927,1,1,0
1928,0,0,0
1929,0,1,1
1930,1,0,1
1931,1,1,0
1932,0,0,0
1933,0,1,1
1934,1,0,1
1935,1,1,0
1936,0,0,0
1937,0,1,1
1938,1,0,1
1939,1,1,0
1940,0,0,0
1941,0,1,1
1942,1,0,1
1943,1,1,0
1944,0,0,0
1945,0,1,1
1946,1,0,1
1947,1,1,0
1948,0,0,0
1949,0,1,1
1950,1,0,1
1951,1,1,0
1952,0,0,0
1953,0,1,1
1954,1,0,1
1955,1,1,0
1956,0,0,0
1957,0,1,1
1958,1,0,1
1959,1,1,0
1960,0,0,0
1961,0,1,1
1962,1,0,1
1963,1,1,0
1964,0,0,0
1965,0,1,1
1966,1,0,1
1967,1,1,0
1968,0,0,0
1969,0,1,1
1970,1,0,1
1971,1,1,0
1972,0,0,0
1973,0,1,1
1974,1,0,1
1975,1,1,0
1976,0,0,0
1977,0,1,1
1978,1,0,1
1979,1,1,0
1980,0,0,0
1981,0,1,1
1982,1,0,1
1983,1,1,0
1984,0,0,0
1985,0,1,1
1986,1,0,1
1987,1,1,0
1988,0,0,0
1989,0,1,1
1990,1,0,1
1991,1,1,0
1992,0,0,0
1993,0,1,1
1994,1,0,1
1995,1,1,0
1996,0,0,0
1997,0,1,1
1998,1,0,1
1999,1,1,0
2000,0,0,0
2001,0,1,1
2002,1,0,1
2003,1,1,0
2004,0,0,0
2005,0,1,1
2006,1,0,1
2007,1,1,0
2008,0,0,0
2009,0,1,1
2010,1,0,1
2011,1,1,0
2012,0,0,0
2013,0,1,1
2014,1,0,1
2015,1,1,0
2016,0,0,0
2017,0,1,1
2018,1,0,1
2019,1,1,0
2020,0,0,0
2021,0,1,1
2022,1,0,1
2023,1,1,0
2024,0,0,0
2025,0,1,1
2026,1,0,1
2027,1,1,0
2028,0,0,0
2029,0,1,1
2030,1,0,1
2031,1,1,0
2032,0,0,0
2033,0,1,1
2034,1,0,1
2035,1,1,0
2036,0,0,0
2037,0,1,1
2038,1,0,1
2039,1,1,0
2040,0,0,0
2041,0,1,1
2042,1,0,1
2043,1,1,0
2044,0,0,0
2045,0,1,1
2046,1,0,1
2047,1,1,0
2048,0,0,0
2049,0,1,1
2050,1,0,1
2051,1,1,0
2052,0,0,0
2053,0,1,1
2054,1,0,1
2055,1,1,0
2056,0,0,0
2057,0,1,1
2058,1,0,1
2059,1,1,0
2060,0,0,0
2061,0,1,1
2062,1,0,1
2063,1,1,0
2064,0,0,0
2065,0,1,1
2066,1,0,1
2067,1,1,0
2068,0,0,0
2069,0,1,1
2070,1,0,1
2071,1,1,0
2072,0,0,0
2073,0,1,1
2074,1,0,1
2075,1,1,0
2076,0,0,0
2077,0,1,1
2078,1,0,1
2079,1,1,0
2080,0,0,0
2081,0,1,1
2082,1,0,1
2083,1,1,0
2084,0,0,0
2085,0,1,1
2086,1,0,1
2087,1,1,0
2088,0,0,0
2089,0,1,1
2090,1,0,1
2091,1,1,0
2092,0,0,0
2093,0,1,1
2094,1,0,1
2095,1,1,0
2096,0,0,0
2097,0,1,1
2098,1,0,1
2099,1,1,0
2100,0,0,0
2101,0,1,1
2102,1,0,1
2103,1,1,0
2104,0,0,0
2105,0,1,1
2106,1,0,1
2107,1,1,0
2108,0,0,0
2109,0,1,1
2110,1,0,1
2111,1,1,0
2112,0,0,0
2113,0,1,1
2114,1,0,1
2115,1,1,0
2116,0,0,0
2117,0,1,1
2118,1,0,1
2119,1,1,0
2120,0,0,0
2121,0,1,1
2122,1,0,1
2123,1,1,0
2124,0,0,0
2125,0,1,1
2126,1,0,1
2127,1,1,0
2128,0,0,0
2129,0,1,1
2130,1,0,1
2131,1,1,0
2132,0,0,0
2133,0,1,1
2134,1,0,1
2135,1,1,0
2136,0,0,0
2137,0,1,1
2138,1,0,1
2139,1,1,0
2140,0,0,0
2141,0,1,1
2142,1,0,1
2143,1,1,0
2144,0,0,0
2145,0,1,1
2146,1,0,1
2147,1,1,0
2148,0,0,0
2149,0,1,1
2150,1,0,1
2151,1,1,0
2152,0,0,0
2153,0,1,1
2154,1,0,1
2155,1,1,0
2156,0,0,0
2157,0,1,1
2158,1,0,1
2159,1,1,0
2160,0,0,0
2161,0,1,1
2162,1,0,1
2163,1,1,0
2164,0,0,0
2165,0,1,1
2166,1,0,1
2167,1,1,0
2168,0,0,0
2169,0,1,1
2170,1,0,1
2171,1,1,0
2172,0,0,0
2173,0,1,1
2174,1,0,1
2175,1,1,0
2176,0,0,0
2177,0,1,1
2178,1,0,1
2179,1,1,0
2180,0,0,0
2181,0,1,1
2182,1,0,1
2183,1,1,0
2184,0,0,0
2185,0,1,1
2186,1,0,1
2187,1,1,0
2188,0,0,0
2189,0,1,1
2190,1,0,1
2191,1,1,0
2192,0,0,0
2193,0,1,1
2194,1,0,1
2195,1,1,0
2196,0,0,0
2197,0,1,1
2198,1,0,1
2199,1,1,0
2200,0,0,0
2201,0,1,1
2202,1,0,1
2203,1,1,0
2204,0,0,0
2205,0,1,1
2206,1,0,1
2207,1,1,0
2208,0,0,0
2209,0,1,1
2210,1,0,1
2211,1,1,0
2212,0,0,0
2213,0,1,1
2214,1,0,1
2215,1,1,0
2216,0,0,0
2217,0,1,1
2218,1,0,1
2219,1,1,0
2220,0,0,0
2221,0,1,1
2222,1,0,1
2223,1,1,0
2224,0,0,0
2225,0,1,1
2226,1,0,1
2227,1,1,0
2228,0,0,0
2229,0,1,1
2230,1,0,1
2231,1,1,0
2232,0,0,0
2233,0,1,1
2234,1,0,1
2235,1,1,0
2236,0,0,0
2237,0,1,1
2238,1,0,1
2239,1,1,0
2240,0,0,0
2241,0,1,1
2242,1,0,1
2243,1,1,0
2244,0,0,0
2245,0,1,1
2246,1,0,1
2247,1,1,0
2248,0,0,0
2249,0,1,1
2250,1,0,1
2251,1,1,0
2252,0,0,0
2253,0,1,1
2254,1,0,1
2255,1,1,0
2256,0,0,0
2257,0,1,1
2258,1,0,1
2259,1,1,0
2260,0,0,0
2261,0,1,1
2262,1,0,1
2263,1,1,0
2264,0,0,0
2265,0,1,1
2266,1,0,1
2267,1,1,0
2268,0,0,0
2269,0,1,1
2270,1,0,1
2271,1,1,0
2272,0,0,0
2273,0,1,1
2274,1,0,1
2275,1,1,0
2276,0,0,0
2277,0,1,1
2278,1,0,1
2279,1,1,0
2280,0,0,0
2281,0,1,1
2282,1,0,1
2283,1,1,0
2284,0,0,0
2285,0,1,1
2286,1,0,1
2287,1,1,0
2288,0,0,0
2289,0,1,1
2290,1,0,1
2291,1,1,0
2292,0,0,0
2293,0,1,1
2294,1,0,1
2295,1,1,0
2296,0,0,0
2297,0,1,1
2298,1,0,1
2299,1,1,0
2300,0,0,0
2301,0,1,1
2302,1,0,1
2303,1,1,0
2304,0,0,0
2305,0,1,1
2306,1,0,1
2307,1,1,0
2308,0,0,0
2309,0,1,1
2310,1,0,1
2311,1,1,0
2312,0,0,0
2313,0,1,1
2314,1,0,1
2315,1,1,0
2316,0,0,0
2317,0,1,1
2318,1,0,1
2319,1,1,0
2320,0,0,0
2321,0,1,1
2322,1,0,1
2323,1,1,0
2324,0,0,0
2325,0,1,1
2326,1,0,1
2327,1,1,0
2328,0,0,0
2329,0,1,1
2330,1,0,1
2331,1,1,0
2332,0,0,0
2333,0,1,1
2334,1,0,1
2335,1,1,0
2336,0,0,0
2337,0,1,1
2338,1,0,1
2339,1,1,0
2340,0,0,0
2341,0,1,1
2342,1,0,1
2343,1,1,0
2344,0,0,0
2345,0,1,1
2346,1,0,1
2347,1,1,0
2348,0,0,0
2349,0,1,1
2350,1,0,1
2351,1,1,0
2352,0,0,0
2353,0,1,1
2354,1,0,1
2355,1,1,0
2356,0,0,0
2357,0,1,1
2358,1,0,1
2359,1,1,0
2360,0,0,0
2361,0,1,1
2362,1,0,1
2363,1,1,0
2364,0,0,0
2365,0,1,1
2366,1,0,1
2367,1,1,0
2368,0,0,0
2369,0,1,1
2370,1,0,1
2371,1,1,0
2372,0,0,0
2373,0,1,1
2374,1,0,1
2375,1,1,0
2376,0,0,0
2377,0,1,1
2378,1,0,1
2379,1,1,0
2380,0,0,0
2381,0,1,1
2382,1,0,1
2383,1,1,0
2384,0,0,0
2385,0,1,1
2386,1,0,1
2387,1,1,0
2388,0,0,0
2389,0,1,1
2390,1,0,1
2391,1,1,0
2392,0,0,0
2393,0,1,1
2394,1,0,1
2395,1,1,0
2396,0,0,0
2397,0,1,1
2398,1,0,1
2399,1,1,0
2400,0,0,0
2401,0,1,1
2402,1,0,1
2403,1,1,0
2404,0,0,0
2405,0,1,1
2406,1,0,1
2407,1,1,0
2408,0,0,0
2409,0,1,1
2410,1,0,1
2411,1,1,0
2412,0,0,0
2413,0,1,1
2414,1,0,1
2415,1,1,0
2416,0,0,0
2417,0,1,1
2418,1,0,1
2419,1,1,0
2420,0,0,0
2421,0,1,1
2422,1,0,1
2423,1,1,0
2424,0,0,0
2425,0,1,1
2426,1,0,1
2427,1,1,0
2428,0,0,0
2429,0,1,1
2430,1,0,1
2431,1,1,0
2432,0,0,0
2433,0,1,1
2434,1,0,1
2435,1,1,0
2436,0,0,0
2437,0,1,1
2438,1,0,1
2439,1,1,0
2440,0,0,0
2441,0,1,1
2442,1,0,1
2443,1,1,0
2444,0,0,0
2445,0,1,1
2446,1,0,1
2447,1,1,0
2448,0,0,0
2449,0,1,1
2450,1,0,1
2451,1,1,0
2452,0,0,0
2453,0,1,1
2454,1,0,1
2455,1,1,0
2456,0,0,0
2457,0,1,1
2458,1,0,1
2459,1,1,0
2460,0,0,0
2461,0,1,1
2462,1,0,1
2463,1,1,0
2464,0,0,0
2465,0,1,1
2466,1,0,1
2467,1,1,0
2468,0,0,0
2469,0,1,1
2470,1,0,1
2471,1,1,0
2472,0,0,0
2473,0,1,1
2474,1,0,1
2475,1,1,0
2476,0,0,0
2477,0,1,1
2478,1,0,1
2479,1,1,0
2480,0,0,0
2481,0,1,1
2482,1,0,1
2483,1,1,0
2484,0,0,0
2485,0,1,1
2486,1,0,1
2487,1,1,0
2488,0,0,0
2489,0,1,1
2490,1,0,1
2491,1,1,0
2492,0,0,0
2493,0,1,1
2494,1,0,1
2495,1,1,0
2496,0,0,0
2497,0,1,1
2498,1,0,1
2499,1,1,0
2500,0,0,0
2501,0,1,1
2502,1,0,1
2503,1,1,0
2504,0,0,0
2505,0,1,1
2506,1,0,1
2507,1,1,0
2508,0,0,0
2509,0,1,1
2510,1,0,1
2511,1,1,0
2512,0,0,0
2513,0,1,1
2514,1,0,1
2515,1,1,0
2516,0,0,0
2517,0,1,1
2518,1,0,1
2519,1,1,0
2520,0,0,0
2521,0,1,1
2522,1,0,1
2523,1,1,0
2524,0,0,0
2525,0,1,1
2526,1,0,1
2527,1,1,0
2528,0,0,0
2529,0,1,1
2530,1,0,1
2531,1,1,0
2532,0,0,0
2533,0,1,1
2534,1,0,1
2535,1,1,0
2536,0,0,0
2537,0,1,1
2538,1,0,1
2539,1,1,0
2540,0,0,0
2541,0,1,1
2542,1,0,1
2543,1,1,0
2544,0,0,0
2545,0,1,1
2546,1,0,1
2547,1,1,0
2548,0,0,0
2549,0,1,1
2550,1,0,1
2551,1,1,0
2552,0,0,0
2553,0,1,1
2554,1,0,1
2555,1,1,0
2556,0,0,0
2557,0,1,1
2558,1,0,1
2559,1,1,0
2560,0,0,0
2561,0,1,1
2562,1,0,1
2563,1,1,0
2564,0,0,0
2565,0,1,1
2566,1,0,1
2567,1,1,0
2568,0,0,0
2569,0,1,1
2570,1,0,1
2571,1,1,0
2572,0,0,0
2573,0,1,1
2574,1,0,1
2575,1,1,0
2576,0,0,0
2577,0,1,1
2578,1,0,1
2579,1,1,0
2580,0,0,0
2581,0,1,1
2582,1,0,1
2583,1,1,0
2584,0,0,0
2585,0,1,1
2586,1,0,1
2587,1,1,0
2588,0,0,0
2589,0,1,1
2590,1,0,1
2591,1,1,0
2592,0,0,0
2593,0,1,1
2594,1,0,1
2595,1,1,0
2596,0,0,0
2597,0,1,1
2598,1,0,1
2599,1,1,0
2600,0,0,0
2601,0,1,1
2602,1,0,1
2603,1,1,0
2604,0,0,0
2605,0,1,1
2606,1,0,1
2607,1,1,0
2608,0,0,0
2609,0,1,1
2610,1,0,1
2611,1,1,0
2612,0,0,0
2613,0,1,1
2614,1,0,1
2615,1,1,0
2616,0,0,0
2617,0,1,1
2618,1,0,1
2619,1,1,0
2620,0,0,0
2621,0,1,1
2622,1,0,1
2623,1,1,0
2624,0,0,0
2625,0,1,1
2626,1,0,1
2627,1,1,0
2628,0,0,0
2629,0,1,1
2630,1,0,1
2631,1,1,0
2632,0,0,0
2633,0,1,1
2634,1,0,1
2635,1,1,0
2636,0,0,0
2637,0,1,1
2638,1,0,1
2639,1,1,0
2640,0,0,0
2641,0,1,1
2642,1,0,1
2643,1,1,0
2644,0,0,0
2645,0,1,1
2646,1,0,1
2647,1,1,0
2648,0,0,0
2649,0,1,1
2650,1,0,1
2651,1,1,0
2652,0,0,0
2653,0,1,1
2654,1,0,1
2655,1,1,0
2656,0,0,0
2657,0,1,1
2658,1,0,1
2659,1,1,0
2660,0,0,0
2661,0,1,1
2662,1,0,1
2663,1,1,0
2664,0,0,0
2665,0,1,1
2666,1,0,1
2667,1,1,0
2668,0,0,0
2669,0,1,1
2670,1,0,1
2671,1,1,0
2672,0,0,0
2673,0,1,1
2674,1,0,1
2675,1,1,0
2676,0,0,0
2677,0,1,1
2678,1,0,1
2679,1,1,0
2680,0,0,0
2681,0,1,1
2682,1,0,1
2683,1,1,0
2684,0,0,0
2685,0,1,1
2686,1,0,1
2687,1,1,0
2688,0,0,0
2689,0,1,1
2690,1,0,1
2691,1,1,0
2692,0,0,0
2693,0,1,1
2694,1,0,1
2695,1,1,0
2696,0,0,0
2697,0,1,1
2698,1,0,1
2699,1,1,0
2700,0,0,0
2701,0,1,1
2702,1,0,1
2703,1,1,0
2704,0,0,0
2705,0,1,1
2706,1,0,1
2707,1,1,0
2708,0,0,0
2709,0,1,1
2710,1,0,1
2711,1,1,0
2712,0,0,0
2713,0,1,1
2714,1,0,1
2715,1,1,0
2716,0,0,0
2717,0,1,1
2718,1,0,1
2719,1,1,0
2720,0,0,0
2721,0,1,1
2722,1,0,1
2723,1,1,0
2724,0,0,0
2725,0,1,1
2726,1,0,1
2727,1,1,0
2728,0,0,0
2729,0,1,1
2730,1,0,1
2731,1,1,0
2732,0,0,0
2733,0,1,1
2734,1,0,1
2735,1,1,0
2736,0,0,0
2737,0,1,1
2738,1,0,1
2739,1,1,0
2740,0,0,0
2741,0,1,1
2742,1,0,1
2743,1,1,0
2744,0,0,0
2745,0,1,1
2746,1,0,1
2747,1,1,0
2748,0,0,0
2749,0,1,1
2750,1,0,1
2751,1,1,0
2752,0,0,0
2753,0,1,1
2754,1,0,1
2755,1,1,0
2756,0,0,0
2757,0,1,1
2758,1,0,1
2759,1,1,0
2760,0,0,0
2761,0,1,1
2762,1,0,1
2763,1,1,0
2764,0,0,0
2765,0,1,1
2766,1,0,1
2767,1,1,0
2768,0,0,0
2769,0,1,1
2770,1,0,1
2771,1,1,0
2772,0,0,0
2773,0,1,1
2774,1,0,1
2775,1,1,0
2776,0,0,0
2777,0,1,1
2778,1,0,1
2779,1,1,0
2780,0,0,0
2781,0,1,1
2782,1,0,1
2783,1,1,0
2784,0,0,0
2785,0,1,1
2786,1,0,1
2787,1,1,0
2788,0,0,0
2789,0,1,1
2790,1,0,1
2791,1,1,0
2792,0,0,0
2793,0,1,1
2794,1,0,1
2795,1,1,0
2796,0,0,0
2797,0,1,1
2798,1,0,1
2799,1,1,0
2800,0,0,0
2801,0,1,1
2802,1,0,1
2803,1,1,0
2804,0,0,0
2805,0,1,1
2806,1,0,1
2807,1,1,0
2808,0,0,0
2809,0,1,1
2810,1,0,1
2811,1,1,0
2812,0,0,0
2813,0,1,1
2814,1,0,1
2815,1,1,0
2816,0,0,0
2817,0,1,1
2818,1,0,1
2819,1,1,0
2820,0,0,0
2821,0,1,1
2822,1,0,1
2823,1,1,0
2824,0,0,0
2825,0,1,1
2826,1,0,1
2827,1,1,0
2828,0,0,0
2829,0,1,1
2830,1,0,1
2831,1,1,0
2832,0,0,0
2833,0,1,1
2834,1,0,1
2835,1,1,0
2836,0,0,0
2837,0,1,1
2838,1,0,1
2839,1,1,0
2840,0,0,0
2841,0,1,1
2842,1,0,1
2843,1,1,0
2844,0,0,0
2845,0,1,1
2846,1,0,1
2847,1,1,0
2848,0,0,0
2849,0,1,1
2850,1,0,1
2851,1,1,0
2852,0,0,0
2853,0,1,1
2854,1,0,1
2855,1,1,0
2856,0,0,0
2857,0,1,1
2858,1,0,1
2859,1,1,0
2860,0,0,0
2861,0,1,1
2862,1,0,1
2863,1,1,0
2864,0,0,0
2865,0,1,1
2866,1,0,1
2867,1,1,0
2868,0,0,0
2869,0,1,1
2870,1,0,1
2871,1,1,0
2872,0,0,0
2873,0,1,1
2874,1,0,1
2875,1,1,0
2876,0,0,0
2877,0,1,1
2878,1,0,1
2879,1,1,0
2880,0,0,0
2881,0,1,1
2882,1,0,1
2883,1,1,0
2884,0,0,0
2885,0,1,1
2886,1,0,1
2887,1,1,0
2888,0,0,0
2889,0,1,1
2890,1,0,1
2891,1,1,0
2892,0,0,0
2893,0,1,1
2894,1,0,1
2895,1,1,0
2896,0,0,0
2897,0,1,1
2898,1,0,1
2899,1,1,0
2900,0,0,0
2901,0,1,1
2902,1,0,1
2903,1,1,0
2904,0,0,0
2905,0,1,1
2906,1,0,1
2907,1,1,0
2908,0,0,0
2909,0,1,1
2910,1,0,1
2911,1,1,0
2912,0,0,0
2913,0,1,1
2914,1,0,1
2915,1,1,0
2916,0,0,0
2917,0,1,1
2918,1,0,1
2919,1,1,0
2920,0,0,0
2921,0,1,1
2922,1,0,1
2923,1,1,0
2924,0,0,0
2925,0,1,1
2926,1,0,1
2927,1,1,0
2928,0,0,0
2929,0,1,1
2930,1,0,1
2931,1,1,0
2932,0,0,0
2933,0,1,1
2934,1,0,1
2935,1,1,0
2936,0,0,0
2937,0,1,1
2938,1,0,1
2939,1,1,0
2940,0,0,0
2941,0,1,1
2942,1,0,1
2943,1,1,0
2944,0,0,0
2945,0,1,1
2946,1,0,1
2947,1,1,0
2948,0,0,0
2949,0,1,1
2950,1,0,1
2951,1,1,0
2952,0,0,0
2953,0,1,1
2954,1,0,1
2955,1,1,0
2956,0,0,0
2957,0,1,1
2958,1,0,1
2959,1,1,0
2960,0,0,0
2961,0,1,1
2962,1,0,1
2963,1,1,0
2964,0,0,0
2965,0,1,1
2966,1,0,1
2967,1,1,0
2968,0,0,0
2969,0,1,1
2970,1,0,1
2971,1,1,0
2972,0,0,0
2973,0,1,1
2974,1,0,1
2975,1,1,0
2976,0,0,0
2977,0,1,1
2978,1,0,1
2979,1,1,0
2980,0,0,0
2981,0,1,1
2982,1,0,1
2983,1,1,0
2984,0,0,0
2985,0,1,1
2986,1,0,1
2987,1,1,0
2988,0,0,0
2989,0,1,1
2990,1,0,1
2991,1,1,0
2992,0,0,0
2993,0,1,1
2994,1,0,1
2995,1,1,0
2996,0,0,0
2997,0,1,1
2998,1,0,1
2999,1,1,0
3000,0,0,0
3001,0,1,1
3002,1,0,1
3003,1,1,0
3004,0,0,0
3005,0,1,1
3006,1,0,1
3007,1,1,0
3008,0,0,0
3009,0,1,1
3010,1,0,1
3011,1,1,0
3012,0,0,0
3013,0,1,1
3014,1,0,1
3015,1,1,0
3016,0,0,0
3017,0,1,1
3018,1,0,1
3019,1,1,0
3020,0,0,0
3021,0,1,1
3022,1,0,1
3023,1,1,0
3024,0,0,0
3025,0,1,1
3026,1,0,1
3027,1,1,0
3028,0,0,0
3029,0,1,1
3030,1,0,1
3031,1,1,0
3032,0,0,0
3033,0,1,1
3034,1,0,1
3035,1,1,0
3036,0,0,0
3037,0,1,1
3038,1,0,1
3039,1,1,0
3040,0,0,0
3041,0,1,1
3042,1,0,1
3043,1,1,0
3044,0,0,0
3045,0,1,1
3046,1,0,1
3047,1,1,0
3048,0,0,0
3049,0,1,1
3050,1,0,1
3051,1,1,0
3052,0,0,0
3053,0,1,1
3054,1,0,1
3055,1,1,0
3056,0,0,0
3057,0,1,1
3058,1,0,1
3059,1,1,0
3060,0,0,0
3061,0,1,1
3062,1,0,1
3063,1,1,0
3064,0,0,0
3065,0,1,1
3066,1,0,1
3067,1,1,0
3068,0,0,0
3069,0,1,1
3070,1,0,1
3071,1,1,0
3072,0,0,0
3073,0,1,1
3074,1,0,1
3075,1,1,0
3076,0,0,0
3077,0,1,1
3078,1,0,1
3079,1,1,0
3080,0,0,0
3081,0,1,1
3082,1,0,1
3083,1,1,0
3084,0,0,0
3085,0,1,1
3086,1,0,1
3087,1,1,0
3088,0,0,0
3089,0,1,1
3090,1,0,1
3091,1,1,0
3092,0,0,0
3093,0,1,1
3094,1,0,1
3095,1,1,0
3096,0,0,0
3097,0,1,1
3098,1,0,1
3099,1,1,0
3100,0,0,0
3101,0,1,1
3102,1,0,1
3103,1,1,0
3104,0,0,0
3105,0,1,1
3106,1,0,1
3107,1,1,0
3108,0,0,0
3109,0,1,1
3110,1,0,1
3111,1,1,0
3112,0,0,0
3113,0,1,1
3114,1,0,1
3115,1,1,0
3116,0,0,0
3117,0,1,1
3118,1,0,1
3119,1,1,0
3120,0,0,0
3121,0,1,1
3122,1,0,1
3123,1,1,0
3124,0,0,0
3125,0,1,1
3126,1,0,1
3127,1,1,0
3128,0,0,0
3129,0,1,1
3130,1,0,1
3131,1,1,0
3132,0,0,0
3133,0,1,1
3134,1,0,1
3135,1,1,0
3136,0,0,0
3137,0,1,1
3138,1,0,1
3139,1,1,0
3140,0,0,0
3141,0,1,1
3142,1,0,1
3143,1,1,0
3144,0,0,0
3145,0,1,1
3146,1,0,1
3147,1,1,0
3148,0,0,0
3149,0,1,1
3150,1,0,1
3151,1,1,0
3152,0,0,0
3153,0,1,1
3154,1,0,1
3155,1,1,0
3156,0,0,0
3157,0,1,1
3158,1,0,1
3159,1,1,0
3160,0,0,0
3161,0,1,1
3162,1,0,1
3163,1,1,0
3164,0,0,0
3165,0,1,1
3166,1,0,1
3167,1,1,0
3168,0,0,0
3169,0,1,1
3170,1,0,1
3171,1,1,0
3172,0,0,0
3173,0,1,1
3174,1,0,1
3175,1,1,0
3176,0,0,0
3177,0,1,1
3178,1,0,1
3179,1,1,0
3180,0,0,0
3181,0,1,1
3182,1,0,1
3183,1,1,0
3184,0,0,0
3185,0,1,1
3186,1,0,1
3187,1,1,0
3188,0,0,0
3189,0,1,1
3190,1,0,1
3191,1,1,0
3192,0,0,0
3193,0,1,1
3194,1,0,1
3195,1,1,0
3196,0,0,0
3197,0,1,1
3198,1,0,1
3199,1,1,0
3200,0,0,0
3201,0,1,1
3202,1,0,1
3203,1,1,0
3204,0,0,0
3205,0,1,1
3206,1,0,1
3207,1,1,0
3208,0,0,0
3209,0,1,1
3210,1,0,1
3211,1,1,0
3212,0,0,0
3213,0,1,1
3214,1,0,1
3215,1,1,0
3216,0,0,0
3217,0,1,1
3218,1,0,1
3219,1,1,0
3220,0,0,0
3221,0,1,1
3222,1,0,1
3223,1,1,0
3224,0,0,0
3225,0,1,1
3226,1,0,1
3227,1,1,0
3228,0,0,0
3229,0,1,1
3230,1,0,1
3231,1,1,0
3232,0,0,0
3233,0,1,1
3234,1,0,1
3235,1,1,0
3236,0,0,0
3237,0,1,1
3238,1,0,1
3239,1,1,0
3240,0,0,0
3241,0,1,1
3242,1,0,1
3243,1,1,0
3244,0,0,0
3245,0,1,1
3246,1,0,1
3247,1,1,0
3248,0,0,0
3249,0,1,1
3250,1,0,1
3251,1,1,0
3252,0,0,0
3253,0,1,1
3254,1,0,1
3255,1,1,0
3256,0,0,0
3257,0,1,1
3258,1,0,1
3259,1,1,0
3260,0,0,0
3261,0,1,1
3262,1,0,1
3263,1,1,0
3264,0,0,0
3265,0,1,1
3266,1,0,1
3267,1,1,0
3268,0,0,0
3269,0,1,1
3270,1,0,1
3271,1,1,0
3272,0,0,0
3273,0,1,1
3274,1,0,1
3275,1,1,0
3276,0,0,0
3277,0,1,1
3278,1,0,1
3279,1,1,0
3280,0,0,0
3281,0,1,1
3282,1,0,1
3283,1,1,0
3284,0,0,0
3285,0,1,1
3286,1,0,1
3287,1,1,0
3288,0,0,0
3289,0,1,1
3290,1,0,1
3291,1,1,0
3292,0,0,0
3293,0,1,1
3294,1,0,1
3295,1,1,0
3296,0,0,0
3297,0,1,1
3298,1,0,1
3299,1,1,0
3300,0,0,0
3301,0,1,1
3302,1,0,1
3303,1,1,0
3304,0,0,0
3305,0,1,1
3306,1,0,1
3307,1,1,0
3308,0,0,0
3309,0,1,1
3310,1,0,1
3311,1,1,0
3312,0,0,0
3313,0,1,1
3314,1,0,1
3315,1,1,0
3316,0,0,0
3317,0,1,1
3318,1,0,1
3319,1,1,0
3320,0,0,0
3321,0,1,1
3322,1,0,1
3323,1,1,0
3324,0,0,0
3325,0,1,1
3326,1,0,1
3327,1,1,0
3328,0,0,0
3329,0,1,1
3330,1,0,1
3331,1,1,0
3332,0,0,0
3333,0,1,1
3334,1,0,1
3335,1,1,0
3336,0,0,0
3337,0,1,1
3338,1,0,1
3339,1,1,0
3340,0,0,0
3341,0,1,1
3342,1,0,1
3343,1,1,0
3344,0,0,0
3345,0,1,1
3346,1,0,1
3347,1,1,0
3348,0,0,0
3349,0,1,1
3350,1,0,1
3351,1,1,0
3352,0,0,0
3353,0,1,1
3354,1,0,1
3355,1,1,0
3356,0,0,0
3357,0,1,1
3358,1,0,1
3359,1,1,0
3360,0,0,0
3361,0,1,1
3362,1,0,1
3363,1,1,0
3364,0,0,0
3365,0,1,1
3366,1,0,1
3367,1,1,0
3368,0,0,0
3369,0,1,1
3370,1,0,1
3371,1,1,0
3372,0,0,0
3373,0,1,1
3374,1,0,1
3375,1,1,0
3376,0,0,0
3377,0,1,1
3378,1,0,1
3379,1,1,0
3380,0,0,0
3381,0,1,1
3382,1,0,1
3383,1,1,0
3384,0,0,0
3385,0,1,1
3386,1,0,1
3387,1,1,0
3388,0,0,0
3389,0,1,1
3390,1,0,1
3391,1,1,0
3392,0,0,0
3393,0,1,1
3394,1,0,1
3395,1,1,0
3396,0,0,0
3397,0,1,1
3398,1,0,1
3399,1,1,0
3400,0,0,0
3401,0,1,1
3402,1,0,1
3403,1,1,0
3404,0,0,0
3405,0,1,1
3406,1,0,1
3407,1,1,0
3408,0,0,0
3409,0,1,1
3410,1,0,1
3411,1,1,0
3412,0,0,0
3413,0,1,1
3414,1,0,1
3415,1,1,0
3416,0,0,0
3417,0,1,1
3418,1,0,1
3419,1,1,0
3420,0,0,0
3421,0,1,1
3422,1,0,1
3423,1,1,0
3424,0,0,0
3425,0,1,1
3426,1,0,1
3427,1,1,0
3428,0,0,0
3429,0,1,1
3430,1,0,1
3431,1,1,0
3432,0,0,0
3433,0,1,1
3434,1,0,1
3435,1,1,0
3436,0,0,0
3437,0,1,1
3438,1,0,1
3439,1,1,0
3440,0,0,0
3441,0,1,1
3442,1,0,1
3443,1,1,0
3444,0,0,0
3445,0,1,1
3446,1,0,1
3447,1,1,0
3448,0,0,0
3449,0,1,1
3450,1,0,1
3451,1,1,0
3452,0,0,0
3453,0,1,1
3454,1,0,1
3455,1,1,0
3456,0,0,0
3457,0,1,1
3458,1,0,1
3459,1,1,0
3460,0,0,0
3461,0,1,1
3462,1,0,1
3463,1,1,0
3464,0,0,0
3465,0,1,1
3466,1,0,1
3467,1,1,0
3468,0,0,0
3469,0,1,1
3470,1,0,1
3471,1,1,0
3472,0,0,0
3473,0,1,1
3474,1,0,1
3475,1,1,0
3476,0,0,0
3477,0,1,1
3478,1,0,1
3479,1,1,0
3480,0,0,0
3481,0,1,1
3482,1,0,1
3483,1,1,0
3484,0,0,0
3485,0,1,1
3486,1,0,1
3487,1,1,0
3488,0,0,0
3489,0,1,1
3490,1,0,1
3491,1,1,0
3492,0,0,0
3493,0,1,1
3494,1,0,1
3495,1,1,0
3496,0,0,0
3497,0,1,1
3498,1,0,1
3499,1,1,0
3500,0,0,0
3501,0,1,1
3502,1,0,1
3503,1,1,0
3504,0,0,0
3505,0,1,1
3506,1,0,1
3507,1,1,0
3508,0,0,0
3509,0,1,1
3510,1,0,1
3511,1,1,0
3512,0,0,0
3513,0,1,1
3514,1,0,1
3515,1,1,0
3516,0,0,0
3517,0,1,1
3518,1,0,1
3519,1,1,0
3520,0,0,0
3521,0,1,1
3522,1,0,1
3523,1,1,0
3524,0,0,0
3525,0,1,1
3526,1,0,1
3527,1,1,0
3528,0,0,0
3529,0,1,1
3530,1,0,1
3531,1,1,0
3532,0,0,0
3533,0,1,1
3534,1,0,1
3535,1,1,0
3536,0,0,0
3537,0,1,1
3538,1,0,1
3539,1,1,0
3540,0,0,0
3541,0,1,1
3542,1,0,1
3543,1,1,0
3544,0,0,0
3545,0,1,1
3546,1,0,1
3547,1,1,0
3548,0,0,0
3549,0,1,1
3550,1,0,1
3551,1,1,0
3552,0,0,0
3553,0,1,1
3554,1,0,1
3555,1,1,0
3556,0,0,0
3557,0,1,1
3558,1,0,1
3559,1,1,0
3560,0,0,0
3561,0,1,1
3562,1,0,1
3563,1,1,0
3564,0,0,0
3565,0,1,1
3566,1,0,1
3567,1,1,0
3568,0,0,0
3569,0,1,1
3570,1,0,1
3571,1,1,0
3572,0,0,0
3573,0,1,1
3574,1,0,1
3575,1,1,0
3576,0,0,0
3577,0,1,1
3578,1,0,1
3579,1,1,0
3580,0,0,0
3581,0,1,1
3582,1,0,1
3583,1,1,0
3584,0,0,0
3585,0,1,1
3586,1,0,1
3587,1,1,0
3588,0,0,0
3589,0,1,1
3590,1,0,1
3591,1,1,0
3592,0,0,0
3593,0,1,1
3594,1,0,1
3595,1,1,0
3596,0,0,0
3597,0,1,1
3598,1,0,1
3599,1,1,0
3600,0,0,0
3601,0,1,1
3602,1,0,1
3603,1,1,0
3604,0,0,0
3605,0,1,1
3606,1,0,1
3607,1,1,0
3608,0,0,0
3609,0,1,1
3610,1,0,1
3611,1,1,0
3612,0,0,0
3613,0,1,1
3614,1,0,1
3615,1,1,0
3616,0,0,0
3617,0,1,1
3618,1,0,1
3619,1,1,0
3620,0,0,0
3621,0,1,1
3622,1,0,1
3623,1,1,0
3624,0,0,0
3625,0,1,1
3626,1,0,1
3627,1,1,0
3628,0,0,0
3629,0,1,1
3630,1,0,1
3631,1,1,0
3632,0,0,0
3633,0,1,1
3634,1,0,1
3635,1,1,0
3636,0,0,0
3637,0,1,1
3638,1,0,1
3639,1,1,0
3640,0,0,0
3641,0,1,1
3642,1,0,1
3643,1,1,0
3644,0,0,0
3645,0,1,1
3646,1,0,1
3647,1,1,0
3648,0,0,0
3649,0,1,1
3650,1,0,1
3651,1,1,0
3652,0,0,0
3653,0,1,1
3654,1,0,1
3655,1,1,0
3656,0,0,0
3657,0,1,1
3658,1,0,1
3659,1,1,0
3660,0,0,0
3661,0,1,1
3662,1,0,1
3663,1,1,0
3664,0,0,0
3665,0,1,1
3666,1,0,1
3667,1,1,0
3668,0,0,0
3669,0,1,1
3670,1,0,1
3671,1,1,0
3672,0,0,0
3673,0,1,1
3674,1,0,1
3675,1,1,0
3676,0,0,0
3677,0,1,1
3678,1,0,1
3679,1,1,0
3680,0,0,0
3681,0,1,1
3682,1,0,1
3683,1,1,0
3684,0,0,0
3685,0,1,1
3686,1,0,1
3687,1,1,0
3688,0,0,0
3689,0,1,1
3690,1,0,1
3691,1,1,0
3692,0,0,0
3693,0,1,1
3694,1,0,1
3695,1,1,0
3696,0,0,0
3697,0,1,1
3698,1,0,1
3699,1,1,0
3700,0,0,0
3701,0,1,1
3702,1,0,1
3703,1,1,0
3704,0,0,0
3705,0,1,1
3706,1,0,1
3707,1,1,0
3708,0,0,0
3709,0,1,1
3710,1,0,1
3711,1,1,0
3712,0,0,0
3713,0,1,1
3714,1,0,1
3715,1,1,0
3716,0,0,0
3717,0,1,1
3718,1,0,1
3719,1,1,0
3720,0,0,0
3721,0,1,1
3722,1,0,1
3723,1,1,0
3724,0,0,0
3725,0,1,1
3726,1,0,1
3727,1,1,0
3728,0,0,0
3729,0,1,1
3730,1,0,1
3731,1,1,0
3732,0,0,0
3733,0,1,1
3734,1,0,1
3735,1,1,0
3736,0,0,0
3737,0,1,1
3738,1,0,1
3739,1,1,0
3740,0,0,0
3741,0,1,1
3742,1,0,1
3743,1,1,0
3744,0,0,0
3745,0,1,1
3746,1,0,1
3747,1,1,0
3748,0,0,0
3749,0,1,1
3750,1,0,1
3751,1,1,0
3752,0,0,0
3753,0,1,1
3754,1,0,1
3755,1,1,0
3756,0,0,0
3757,0,1,1
3758,1,0,1
3759,1,1,0
3760,0,0,0
3761,0,1,1
3762,1,0,1
3763,1,1,0
3764,0,0,0
3765,0,1,1
3766,1,0,1
3767,1,1,0
3768,0,0,0
3769,0,1,1
3770,1,0,1
3771,1,1,0
3772,0,0,0
3773,0,1,1
3774,1,0,1
3775,1,1,0
3776,0,0,0
3777,0,1,1
3778,1,0,1
3779,1,1,0
3780,0,0,0
3781,0,1,1
3782,1,0,1
3783,1,1,0
3784,0,0,0
3785,0,1,1
3786,1,0,1
3787,1,1,0
3788,0,0,0
3789,0,1,1
3790,1,0,1
3791,1,1,0
3792,0,0,0
3793,0,1,1
3794,1,0,1
3795,1,1,0
3796,0,0,0
3797,0,1,1
3798,1,0,1
3799,1,1,0
3800,0,0,0
3801,0,1,1
3802,1,0,1
3803,1,1,0
3804,0,0,0
3805,0,1,1
3806,1,0,1
3807,1,1,0
3808,0,0,0
3809,0,1,1
3810,1,0,1
3811,1,1,0
3812,0,0,0
3813,0,1,1
3814,1,0,1
3815,1,1,0
3816,0,0,0
3817,0,1,1
3818,1,0,1
3819,1,1,0
3820,0,0,0
3821,0,1,1
3822,1,0,1
3823,1,1,0
3824,0,0,0
3825,0,1,1
3826,1,0,1
3827,1,1,0
3828,0,0,0
3829,0,1,1
3830,1,0,1
3831,1,1,0
3832,0,0,0
3833,0,1,1
3834,1,0,1
3835,1,1,0
3836,0,0,0
3837,0,1,1
3838,1,0,1
3839,1,1,0
3840,0,0,0
3841,0,1,1
3842,1,0,1
3843,1,1,0
3844,0,0,0
3845,0,1,1
3846,1,0,1
3847,1,1,0
3848,0,0,0
3849,0,1,1
3850,1,0,1
3851,1,1,0
3852,0,0,0
3853,0,1,1
3854,1,0,1
3855,1,1,0
3856,0,0,0
3857,0,1,1
3858,1,0,1
3859,1,1,0
3860,0,0,0
3861,0,1,1
3862,1,0,1
3863,1,1,0
3864,0,0,0
3865,0,1,1
3866,1,0,1
3867,1,1,0
3868,0,0,0
3869,0,1,1
3870,1,0,1
3871,1,1,0
3872,0,0,0
3873,0,1,1
3874,1,0,1
3875,1,1,0
3876,0,0,0
3877,0,1,1
3878,1,0,1
3879,1,1,0
3880,0,0,0
3881,0,1,1
3882,1,0,1
3883,1,1,0
3884,0,0,0
3885,0,1,1
3886,1,0,1
3887,1,1,0
3888,0,0,0
3889,0,1,1
3890,1,0,1
3891,1,1,0
3892,0,0,0
3893,0,1,1
3894,1,0,1
3895,1,1,0
3896,0,0,0
3897,0,1,1
3898,1,0,1
3899,1,1,0
3900,0,0,0
3901,0,1,1
3902,1,0,1
3903,1,1,0
3904,0,0,0
3905,0,1,1
3906,1,0,1
3907,1,1,0
3908,0,0,0
3909,0,1,1
3910,1,0,1
3911,1,1,0
3912,0,0,0
3913,0,1,1
3914,1,0,1
3915,1,1,0
3916,0,0,0
3917,0,1,1
3918,1,0,1
3919,1,1,0
3920,0,0,0
3921,0,1,1
3922,1,0,1
3923,1,1,0
3924,0,0,0
3925,0,1,1
3926,1,0,1
3927,1,1,0
3928,0,0,0
3929,0,1,1
3930,1,0,1
3931,1,1,0
3932,0,0,0
3933,0,1,1
3934,1,0,1
3935,1,1,0
3936,0,0,0
3937,0,1,1
3938,1,0,1
3939,1,1,0
3940,0,0,0
3941,0,1,1
3942,1,0,1
3943,1,1,0
3944,0,0,0
3945,0,1,1
3946,1,0,1
3947,1,1,0
3948,0,0,0
3949,0,1,1
3950,1,0,1
3951,1,1,0
3952,0,0,0
3953,0,1,1
3954,1,0,1
3955,1,1,0
3956,0,0,0
3957,0,1,1
3958,1,0,1
3959,1,1,0
3960,0,0,0
3961,0,1,1
3962,1,0,1
3963,1,1,0
3964,0,0,0
3965,0,1,1
3966,1,0,1
3967,1,1,0
3968,0,0,0
3969,0,1,1
3970,1,0,1
3971,1,1,0
3972,0,0,0
3973,0,1,1
3974,1,0,1
3975,1,1,0
3976,0,0,0
3977,0,1,1
3978,1,0,1
3979,1,1,0
3980,0,0,0
3981,0,1,1
3982,1,0,1
3983,1,1,0
3984,0,0,0
3985,0,1,1
3986,1,0,1
3987,1,1,0
3988,0,0,0
3989,0,1,1
3990,1,0,1
3991,1,1,0
3992,0,0,0
3993,0,1,1
3994,1,0,1
3995,1,1,0
3996,0,0,0
3997,0,1,1
3998,1,0,1
3999,1,1,0
